favorite_count,retweet_count,tweet_id
35508,7507,892420639486877696
30742,5570,892177413194625024
23102,3690,891815175371796480
38790,7683,891689552724799489
37075,8292,891327551943041024
18692,2777,891087942176911360
10865,1801,890971906207338496
59856,16805,890729118844600320
25705,3827,890609177319665665
29361,6527,890240245463175168
28285,6526,890006600089468928
25727,4444,889880888800096258
44228,8910,889665366129029120
24871,3980,889638825424826374
13985,2012,889531127467266049
23218,4752,889278779352338437
26828,3999,888917229776945152
23537,3772,888804981515575296
18166,3083,888554915546542081
20066,3090,888078426338406400
27907,4805,887705281597243393
42741,10502,887517108413886465
63280,16020,887473949361045505
31028,9368,887343120832229379
28230,5314,887101385971384320
32103,6817,886983218871902208
11013,2840,886736868116754432
20730,3990,886680331239161856
19469,2820,886366138128449536
25779,5633,886258377298292737
30014,5990,885984792034004992
33126,5700,885528931826368512
0,16483,830583314243268608
20164,3886,885167573385588737
70926,16078,884925516695965696
25622,4967,884876742820859904
22402,4190,884562886777065473
24964,5079,884441800177528832
18818,2663,884162662212489221
20127,3045,883838118432034816
42234,8804,883482838036860928
20892,3287,883360682745503744
34157,5925,883117826525024257
22009,3461,882992072327913472
26034,4355,882762686299353088
25827,5417,882627261886758912
41303,10323,882268100984492032
27020,4342,882045864507736065
22448,3033,881906570426281984
46693,9519,881666587375304705
45600,14264,881535971568889856
21457,4716,881268439486169090
15778,2497,880935758152028161
19624,3417,880872431472267264
26228,5535,880465790071427074
24848,3711,880221119067770882
25472,3880,880095777175076864
20638,3110,879862459263307776
21665,2839,879492035853660161
97546,39786,879415784908390401
15527,2795,879376482266632192
20813,4195,879050744279834628
17558,2392,879008224678207491
17875,3650,878776084946448384
7135,1138,878281503754510336
38873,6077,878057599261745152
73077,16908,877736466763448320
0,71,876850756556607488
20956,3404,877556240326512640
25348,4658,877316816103772164
25029,4979,877201827330174976
19119,2984,876838110318936065
17364,2116,876484043352588288
25875,4175,876120269428932608
23200,3824,875747755280318464
20296,4396,875144175078957056
23596,4222,875021140921417728
25747,4156,874680081829904384
24115,3703,874296776056078336
21041,3571,874057549548589057
31679,9161,874012990328197120
22439,3545,873580279771926529
6633,1421,873213769794670593
25246,4869,872967099819462661
13666,3346,872820673743376386
19223,3279,872620798208610305
37807,8149,872486967967006720
31780,7297,872122708573777925
34834,9857,871879745683804161
18773,3145,871762515608436741
18742,3135,871515922741284865
21151,3447,871032610994225153
31293,5608,870804299743338497
11480,2371,870656293136216066
77311,24068,870374041554751488
20414,3760,870308992022568960
34010,7530,870063191304392704
39698,9191,869772408907071492
26303,5708,869702951354474496
14881,2825,869596640562249728
19049,3426,869227980345798656
60946,13099,868880391209275392
24846,4806,868622480696651777
9402,1877,868552270358618113
22616,3813,867900486011297792
31736,6683,867774933065236480
15034,2273,867420991437365250
0,109,865013414103363585
30110,7206,867051512509460480
18004,3172,866686816879087618
114380,32228,866450698984185856
48960,13010,866334954229301248
24054,5155,865718147889979392
24792,4578,865359385135955968
26260,7069,865006724092010496
30240,7966,864873202618687489
13686,2762,864279556340957184
28102,8100,864197387966791680
19338,3806,863907404156518400
14328,3851,863553036815355904
22328,4814,863432092616491008
8243,1023,863079538779013120
7931,2226,863062462383378432
18016,4740,862831346963447808
16080,3269,862722516858445824
19192,4534,862457580722860032
69744,21363,862096984366354432
33968,9880,861383888685236224
16160,3819,861288473281437696
15718,3533,861005103205031937
0,735,860914470050295814
7068,1981,860563764940226560
22307,4910,860524497660776448
17372,3254,860276575736020992
15723,5421,860184837587517440
18530,3813,859924516142804992
14597,3274,859851567826169857
17616,1443,859607806428803077
84923,28008,859196962498805762
31980,12688,859074595021836288
14792,3237,858843519850614784
20398,4530,858471621065150464
14939,2696,858107922668277760
15235,2422,857989982342057986
32491,9940,857746390159675396
5592,1537,857393395161067520
19084,4235,857263152219791360
17923,3725,857029813072252928
15575,2703,856543816828018689
11311,1768,856526604033556482
26433,5903,856282018912628741
43736,17024,855851444666236933
28452,7756,855459446566400000
21756,5725,854732704503431168
27983,6458,854482381390073856
18091,4441,854365212241043457
30652,7057,854120347066548224
15585,2988,854010162683707392
27416,5458,853760873545973760
33266,9489,853639138628837376
14881,3379,853299949064388608
8663,1713,852912235101921280
14363,2056,852672601419911169
15678,3308,852553437929721865
31917,9482,852311356040765442
19283,6533,852223481894903808
11062,1517,852189646159327233
0,19,848289376614404097
15714,3310,851591634672287744
23412,6749,851464803281489921
19992,5489,851224878485315584
29727,8697,850753625559322625
12666,2490,850380153985355777
15800,3633,850145600721047552
19762,4670,850019779427667968
29419,7273,849776958493818880
15385,3023,849412289417494528
11077,1817,849336535245877248
41043,8132,849051911668064256
24441,4164,848690539105071104
23981,4453,848324954202439680
15845,2907,848212097242615808
0,420,847970989635928064
22867,4885,847962765348052992
5272,1272,847842804353032196
18260,3301,847606161679331329
19945,4169,847251028009336833
19346,5646,847157199944208384
20887,3071,847116177323253760
19543,3782,846874803135021056
43372,11120,846514034648190977
30716,8706,846153751811387393
15564,2763,846042902916583425
28456,8383,845812035082440705
24577,4642,845677937315713024
7429,1727,845397049587699714
22746,5201,845306874031476736
13314,2462,844979535204429824
14680,3070,844973805558685696
16066,3016,844580505345511424
13355,2118,844223764510334976
20948,4475,843856835564240896
16500,2656,843604386559348738
21021,5832,843235535846031360
14957,3521,842846286093209601
6573,1231,842765306540052480
17725,3407,842535582697971714
23917,5608,842163518233292801
13670,2933,842115183262736384
0,14594,817423809049493505
25218,7597,841680565212454913
12376,3567,841439843452387328
15521,4514,841311812641533952
22384,5159,841077001360461824
12042,947,840696683398746112
8818,1713,840632328313495553
16124,4429,840370672886923264
18888,5566,840267990708961280
13179,2213,839990262579396609
26940,7549,839549305585295362
0,140,839289900885282817
26607,6364,839239862192648194
10927,2001,838921573767618560
0,33,838905954309529600
10768,1302,838561486968668161
22076,4654,838476379071086592
17314,3046,838083881886633984
33462,7671,837820156113911808
3804,436,837482239088820224
12582,2220,837471224582262785
15786,2310,837110202889617409
12550,2253,836989950847512576
19035,4545,836753505905963010
12437,2181,836677701918392320
14536,2927,836380472099897348
20986,4216,836260074393747456
18795,4169,836001068119019522
17526,3545,835574540805763072
16228,2941,835297922317070336
7610,1656,835264086267072512
25780,5645,835172763019194370
22051,2942,835152428160978949
10644,1600,834931620566208513
21110,5398,834786230550290432
13446,2473,834574036302757888
9501,1641,834458045388378116
20282,4647,834209711306186752
15608,3594,834167335145570304
12879,2167,834086371694362625
13255,2363,833863075296067585
17842,3703,833826091328430080
20553,3165,833722895578886144
14675,2009,833479630938062852
19926,4755,833124662091542528
13072,2158,832998142459011073
0,39,832766375433154560
16656,3553,832757300183994371
15653,2733,832636085544955904
11814,2173,832397519002988544
16961,3143,832369869089800192
11199,2292,832273373149413377
0,9160,793286466235408384
0,9439,769940407350362112
17640,4581,832032796369645570
23679,6026,831939770607616000
27235,6382,831911578865848320
10299,1783,831670443132252160
7037,1886,831650039864885250
8865,2281,831552915512901632
9178,1531,831322776149430272
6467,1106,831314890077908992
11624,2424,831309408604868609
11765,2006,831262617675051009
7890,1472,830956118893543424
9677,2888,830097389742673920
0,4926,826958645422342144
12111,1912,829861385404309504
31372,10439,829501977667235840
10361,1980,829449933933666313
24119,7215,829141507319934977
52652,16078,829011938298429440
25325,5761,828770330328104960
36099,11003,828708704870555649
9411,1318,828650005158301697
6293,1151,828409725217865731
7604,1272,828408667334647809
12466,2186,828381626287656960
7307,1053,828376488684695552
12454,2892,828372634769440768
11636,2837,828046540409180160
10251,2125,828011664142393344
19896,5162,827933393308442624
15354,2986,827653897133101057
7401,930,827600501818671104
15704,2995,827324936784117760
10488,2197,827199955093843969
35958,10009,826848814229237760
9941,2312,826598343044452352
18238,4131,826476722593865729
13162,2575,826240471433412613
4834,911,826204706728968192
15512,3060,826115125966958597
10391,1844,825876488746565634
12644,2462,825829613733629956
56417,17358,825535037626056704
18152,4489,825147581856677888
6242,1237,825026580980314112
0,5442,795076720525279233
14788,3469,824775105737809920
10446,1756,824663919851687936
11735,10442,824325607026737152
14937,3816,824297040662450181
10547,2675,823939620815667201
13875,2496,823698991951056896
12929,2599,823581103512436736
15626,3973,823322663322079233
0,9789,822244810299936769
17211,3411,822975307724496896
130622,42730,822872859181809664
13161,2249,822859122781683714
0,6351,822489041455157248
14706,2928,822610349065179137
27778,14127,822462929555652610
11254,2284,821886054592552961
0,3349,780601293052190720
8361,1639,821765912948772865
7989,1742,821522878252384256
11692,4300,821407155391725568
8589,1952,821149477142556673
9551,2119,821107776281669633
12601,2256,821044517277233152
31372,9790,820749705474965509
12159,3200,820690162338279425
0,2554,800141411257643009
3331,561,820314599069138944
19712,6230,820078598778454020
5303,1167,819952225594261509
12854,4849,819924138965999617
13306,3085,819711336993198081
9611,1974,819588347551064066
7180,1195,819347090459463681
22955,6659,819227674182828033
0,36642,819004789207928832
0,18863,819006388206649344
22306,7492,818627201767710720
9790,2532,818614452752760832
0,6085,773547591439122432
10839,2434,818536454431260672
10965,2244,818259456588812288
12207,2555,818145346668916739
51395,26902,817827663108771841
10712,2670,817777588030476288
11727,2942,817536359321714688
5568,938,817415587425058816
0,8418,815965888126062592
8727,2012,817171279044313089
12179,2581,817120951791824896
8563,1634,817056537596207104
0,4696,790946047744966656
9964,2030,816816665971347457
9742,2171,816697633502658561
30320,8008,816450564926164996
8575,1936,816336726218117120
8906,2128,816091903011725312
0,5241,732005607704649728
4936,1012,815990706170904578
9822,2251,815736380588433408
8211,1646,815639378504589312
10334,3799,815390410663231493
7636,1274,814986493374636033
11234,2687,814638512821694464
8618,1853,814530153418203136
28698,8640,814152984946876416
0,3178,790277108719386624
9289,1860,813910431769251840
36366,13925,813812734823399424
8310,1752,813800671384391680
18625,7268,813217879311192066
9229,1813,813202711042818048
19831,4341,813187585275109376
9260,1916,813172481494134784
7773,2206,813157384998756352
8473,2378,813142281943252992
11814,3124,813127235553071104
10291,2731,813112099903782912
10580,3624,813096980234797056
9890,2781,813081915272073216
7939,1955,813066793606516737
20970,7344,813051729789014016
7559,1901,812781114158743552
6609,1436,812709052820099072
6062,1215,812503138594865152
7962,1937,812466868514619392
13648,3652,812372222392303616
7264,1399,811985615826714624
7532,1589,811744184822595584
12769,3075,811627196553035776
20909,6383,811386757417680897
5326,1439,810984648008466432
9003,1765,810896035115433984
10960,2640,810657562332954624
35199,11231,810284425116315648
14678,3377,810254102546489344
15556,3940,809920757623115780
0,4884,793962202520834048
6939,1467,809448667128074240
19931,5597,809220046199328768
13232,3529,809084648806457345
10127,3039,808838232662081536
7896,2166,808733489898004481
11325,2600,808501555154432000
0,5908,801167887901724672
8811,2213,808106447573843970
12531,3535,808001293671243776
14594,3612,807621395395944448
118236,55306,807106774843039744
0,7343,782969083092471809
13093,3868,807010136866902017
74626,34608,806629061598597121
10226,2362,806542203287957504
0,11615,783334603142598656
6447,1197,806219017505546240
0,5371,782722587017285632
8283,1926,805932861408694272
6565,1822,805826823359631360
5764,1658,805520626039619589
8803,2533,805487414768701441
7848,1719,805207605383602176
13718,3821,804738744741928960
0,3240,784826004988653570
44456,16108,804026231603785732
10074,2750,803773317803048960
0,7438,691416861947379712
10959,4150,803638023904559104
7771,1876,803380639571513345
10041,2456,803276589882572800
9015,1999,802952490266357760
0,2919,777684227185868800
8949,2505,802572675407376385
16196,5822,802323849832337408
6763,1377,802265039247904768
9084,2629,802239319792455680
7762,1723,801958320831508480
8240,2071,801538154108952576
6067,818,801285440351240192
8075,2107,801115094935449600
10582,2802,800751482706493448
13146,2989,800513314459525120
9518,2177,800459302930628608
0,4326,776113296390942720
11164,2813,800388246178004993
28394,13162,800018199223959552
0,4688,775085121305206785
8402,2173,799757951082721281
8088,1932,799422915762470912
9885,2757,799297094976577539
8089,2482,799063471937769472
13089,4458,798933932586782720
7524,1441,798925670629916672
0,6526,712809014606827520
0,4954,701214695424991232
0,5561,675501041127936000
0,3909,671896801591607296
0,1857,670444949847023616
0,1978,667509363477577728
0,3335,771770449999097856
10440,2568,798209828535541760
11597,3110,797971806841802752
14574,4877,797545138759139328
19984,6573,797236631975657472
7689,1928,796865939568373760
11829,3027,796759815062253568
7582,1762,796484810906615808
11006,4140,796387451484782592
0,14280,796149732779421699
9099,2414,796116435260952576
8460,2310,796080068686737408
10807,3723,796031477968412672
49625,23573,795464066940764160
10057,2871,795400250953527296
0,3373,789530855911882752
10257,2308,794926589897310208
0,10277,788765906553962498
9614,2686,794332306219696132
9234,3319,794205269047836673
9225,1863,793845129635332096
0,3130,791672307924209664
7987,1620,793601770836660225
10690,2372,793500909619806208
8710,2393,793271391365783552
19998,8335,793256253871034369
10524,3295,793241263780818944
9834,2886,793226051610669057
8929,2796,793210952363732998
15268,5626,793195928287055872
6941,1998,793180755497136128
9390,2786,793165673107161088
6184,1707,793150552360284160
6409,2498,793135477268291584
12664,3925,793120395666812928
14345,3984,792913326326026240
11310,4270,792883812854292481
7363,1679,792773773367906305
13438,4297,792394534248386560
7153,1795,792050052348907520
13155,4107,791406944514871298
8778,2535,791312150644027393
0,4091,763837560732971008
9824,2137,790987417641750529
0,2311,789986461038837761
8220,1926,790698747059548161
20673,7132,790581940780924928
7824,1882,790337582504763392
7495,1768,789628648391401472
6758,1924,789599232806223873
9125,2607,789268438468423680
9725,2789,789137928387698688
27438,12470,788908364977823744
15549,5256,788412135785267200
7233,2097,788178260857356288
6118,1282,788150566354583552
0,3430,761004543874392064
6127,1311,788039617207472128
8618,3047,787810541230227456
10268,2770,787717579116802050
10877,2846,787397946748833792
7766,1740,787322437922873345
26654,7967,786963058530906112
18213,6109,786709075132383232
10581,2546,786664949540159489
9448,3121,786595918321680384
10873,3490,786363218646138880
15221,4712,786233954131144704
0,6988,779834320894713856
11376,3175,785927792949071872
6688,1806,785872596088811520
7848,2238,785639740259303424
9099,1993,785533378355396613
7256,1617,785264731401646082
12008,4817,785170917014011904
8958,2527,784517508296478720
5709,1267,784431410685902849
29939,10732,783839953138683904
7350,1963,783821100060905476
10453,3198,783695093576368128
8432,2233,783466761438031873
16848,5445,783391725767262208
0,5511,674291829689331712
8144,2191,783085675914461188
7445,1406,782747129714532352
7765,1871,782598630494449665
16576,5521,782305851176525824
0,6161,707610936765390848
11096,3350,781955193151913988
10392,2702,781661833186930688
20665,5530,781524684185694209
8397,2073,781251271890235393
9772,2740,781163395106082816
21546,7261,780931599936458752
7158,1997,780858283800297472
5461,1296,780800773873668096
6270,1739,780543507299794944
0,3657,742423162642649089
0,112,780465675571605505
5275,1071,780459363064549377
8679,2226,780192040856543234
8754,3099,779377444025499652
14683,4506,779056089409196032
19847,7140,778990686406402048
6852,1296,778748901197160448
5732,1485,778650521737498624
4610,1005,778624895001436165
13558,4289,778408191155695616
0,12117,703041942922383361
5800,1094,778383379104407553
10310,3260,778286802910212101
8456,2616,778039065794977792
6516,1594,778027018185240576
6312,1616,777885031146586112
0,4200,750429289032642560
8680,2488,777621500824260608
14190,4275,777189753083092992
0,13559,679828437910089729
4847,1198,776813006122586112
8775,2749,776477764421582849
29667,15694,776218187788611584
9550,2505,776201512041189376
1826,151,776088309558874112
0,16377,733109473259085826
11628,2632,775842712763396096
13789,3957,775733297511067649
12913,4555,775729177962156032
7338,2932,775364811441967105
8546,1774,774757887117852673
6686,1719,774639367960850432
21615,5467,774314388044058624
10646,3825,773985718767149057
6348,1738,773922276815335424
6549,1614,773704673102557184
5316,1300,773670344028786688
23131,7413,773308813344645120
9400,3230,773247546009456640
9903,4078,773191601376137218
8492,3833,772874595468795904
7975,2327,772826251237199873
0,3353,765222089175556096
6434,1684,772581537120477184
5987,1375,772193097816150016
3775,1121,772152984096632836
3744,735,772117672238714880
2708,466,772114938034814977
3959,935,772102964165111808
8193,2581,771500959348449280
10385,5014,771380787874828288
0,7358,673320125483892736
9067,2896,771136641138319360
6191,1427,771102115905372160
6811,1637,771014280602853380
4889,1191,770787842972942337
5125,1405,770772746032873472
7276,1752,770655131100741632
6283,2079,770414268261011456
6173,1454,770293541604093952
0,3016,741067297519869955
7529,2270,770069132691795970
6363,1667,769695460001013760
5345,1700,769212274728964096
14205,6426,768967618174877700
4149,877,768855135757926400
4079,1180,768609590535680000
4998,1271,768596278481657856
13505,3374,768473849214140416
10766,3498,768193396825583616
4707,1366,767884178016927744
15857,5326,767754923563974658
7434,2318,767500493799231488
12194,3713,767191392800108546
10090,2821,767122150545391618
5004,1340,766793443951665152
3970,783,766693171900387328
5940,1563,766423252247994368
6719,1869,766313309717037056
0,2587,725842282449125380
4182,841,766069192135237633
3702,492,766008557347233792
7148,2130,765719895086596097
5135,1214,765669514012917760
26380,3347,765395759286149124
6995,2140,765371051345846272
6384,1758,764857472309948416
5953,1483,764259772866658304
5323,1450,763183833575481344
7287,2272,763103480118640640
11994,3563,762699853369581568
11097,6324,762471745303355393
10180,4118,762464530748145664
4751,1105,762316483720511488
31485,15334,762035577168560129
5338,1982,761976704302714881
0,3854,685325091882799104
4225,853,761745343629422592
48886,28641,761672828462718981
4085,1180,761599864782348294
0,17802,711694754292109313
5138,1434,761334013550268417
4433,1072,761292941797326848
5264,1545,761227386398633985
3772,959,760893927574605825
6511,1883,760656987008987136
4923,1276,760641126541983744
7477,3561,760539157622059009
26464,11290,760289324994879489
3904,857,760252748986220544
5627,1770,760190172482920448
14508,5564,759923789979262976
6652,1936,759846345045835776
5876,1878,759793413751472128
4629,1168,759557292580806657
8370,2422,759447672080175104
5997,1915,759197380596170757
0,1136,670319122597543936
14325,4093,759099516616339456
6410,1977,759047798813712385
3507,884,758854659951865861
11070,3776,758828647570558976
5671,1593,758740300751708160
3749,988,758474885559615488
4730,2178,758467147756691456
5140,1876,758405694332735488
3348,1042,758355003270651905
2665,368,758041011524427776
6787,3199,757741862451109889
0,7764,679062609438445568
4475,1192,757725635913584640
4503,1090,757611655744393216
0,296,757596935922515969
4266,1038,757596060105707520
14923,6731,757400155624792065
5734,1708,757393098737651713
4463,1399,757354752359432192
6195,1957,756998020437278720
6548,1969,756939201392807936
4975,1275,756651745628057600
10268,3509,756526239901507585
3876,1088,756303244222160896
43397,17386,756288526673649665
6315,1504,756275824932876290
7210,2828,755955658164465664
16194,5264,755206499077615616
20885,10891,755110610942169088
0,7763,679158360810352640
6814,2469,754856550720761857
2553,511,754747081328328704
5217,1920,754481405627957248
3688,722,754449482473992192
7776,2318,754120358878412800
5757,2134,753655892701249536
7783,3487,753420390836346880
5673,1871,753398183879991296
7531,2284,753375662195507200
3316,1021,753294480162295809
3873,945,753026963640573953
6843,1546,752917276685438976
5928,1566,752682082904772608
4316,1529,752660706479239172
7260,3384,752519679353257984
3762,1075,752334354492362752
0,15922,675354114423808004
5865,1802,752173142286692352
5111,1299,751937146756468736
5719,1906,751830383478632448
7801,2991,751598350038929408
4324,1076,751583840003584000
4961,1235,751538705064755201
3169,984,751456786360725504
12321,5764,751250895690731520
6225,1778,751205334442766336
4987,1277,751132866713677825
4710,1337,750868771745763329
12959,4922,750719617786609664
4382,1124,750506196939972608
4494,1129,750383404370300928
3054,939,750147201331068929
3551,1266,750132096795049984
4267,1282,750117017039011840
2996,825,750101891116392448
2136,523,749842022312337408
7709,3253,750071693578735616
3114,880,749833783789154304
3119,600,749828107587248128
2678,770,750023357219962880
3190,886,749821559804690432
3015,801,749823820396163072
5037,2418,749850882955702272
4593,1298,749774184847446016
6003,1617,749417644336513024
2574,523,749403085643063300
8414,3364,749395837562843136
5404,2194,749316899712950272
4732,1500,749064343547944960
3044,777,749036286288207872
10584,3325,748977397119258624
5707,2202,748932629869756416
2732,932,748704826305970176
4667,1552,748699139601563648
4181,1306,748692763684835328
5956,1937,748575526948843521
2165,659,748568890477789184
5138,1210,748346678575497217
3626,742,748324042759938048
3619,698,748307320023703552
5681,2092,747963600220917761
6498,2490,747933264640380928
2886,947,747885821378715648
2775,731,747844091732430850
4759,1133,747816839879757824
2290,548,747600758972026880
3606,1035,747594043354419201
5424,1578,747512645096476672
3804,1022,747461595794673665
5160,1531,747219814297501696
3305,894,747204153907253248
9378,3866,747103470537347072
2852,290,746906454414790656
5871,2086,746872782257008640
5227,1704,746818901464453120
4780,1563,746790588880674817
5933,1755,746726893492264961
4574,1063,746507370331799552
6074,1596,746369457296183296
6778,2143,746131866353270785
3503,794,746056674465751040
3948,1041,745789737584201728
6870,2278,745712555474169857
6940,2483,745433859332898817
8411,2369,745422721861951488
7025,2695,745314852214812672
7117,2195,745057274213834752
2918,597,744995559002476547
7726,2624,744971033824788481
5493,1528,744709961729576961
6648,2055,744334584582643713
153122,75859,744234667679821824
4089,1071,743980013133783040
3587,945,743895842243887104
4382,1352,743609136882065409
17962,6356,743595352218079234
3460,920,743545570443280384
7768,3645,743509040018268160
4138,1193,743253145791258624
6069,1858,743222543746752512
3765,1333,743210550650376192
4322,1917,742528081945055232
7115,3824,742465765840982016
6661,1916,742385888848715776
4224,1334,742161185223630852
5001,1512,742150202493153280
4439,1469,741793243084521472
8001,2677,741743615312056320
3608,800,741438250968047616
8597,3126,741303857943306240
6208,2657,740995091762794496
3331,911,740711781497245696
2785,758,740699677411020802
17772,6650,740676969604493312
34262,12985,740373148126859264
2410,421,740365062632812544
3224,845,740359008121298944
6544,1916,740214022880927744
19489,5766,739979181916880896
3968,1052,739932919620358144
3717,837,739844395122450432
5265,1610,739606132583456768
38590,20648,739544071010713604
6994,2853,739485614966472704
113224,56439,739238016737267712
3684,1112,738885039132401664
3231,770,738883339164192768
4968,1487,738537488050847744
3181,805,738402403196796928
4227,1183,738184431987351552
8560,3254,738166379505848322
2442,621,738156281941262337
5142,1719,737825997765107712
9750,3362,737800291471392769
4918,1276,737678682714693632
10003,4319,737445868014444545
3519,788,737322732686323712
14310,7212,737310236135043073
4137,1681,736736122429014017
3875,1204,736365798558728192
7905,2708,736225169967091712
7694,2892,736010860062248961
3505,1114,735991939804200964
3944,1074,735648574982246401
6012,2278,735635075396599808
12705,4876,735274957656215553
3250,853,735256011242541056
3057,948,735137021832888320
2686,512,734912253380567040
12217,6117,734787682270871557
2442,521,734776349148094464
3494,756,733828109590532096
3578,994,733822298390548480
3057,919,733481999936032768
4078,1239,733460077437296640
2367,520,732732179730554882
3464,865,732726047838507009
3576,758,732585876857835521
7878,2438,732375209307705344
3412,969,731285267307364353
3746,1229,731156013890428928
5995,1922,730924639128584192
4766,2071,730573372497772545
3400,1012,730427195684999168
3726,1031,730211842690162689
4716,1834,730196697196822528
3930,1089,729854727480086528
1687,368,729838572744912896
3877,1214,729823553781108736
5641,2249,729463699031916544
1833,309,729113512279150593
3068,798,728986347021565952
4549,1652,728760633324351488
2696,657,728751174258708481
3231,1010,728653941983072256
4780,1930,728409944555401216
3610,935,728387158260723712
4187,1168,728046957697052672
4445,1625,728035330755047425
4020,1076,728015541730869248
2886,618,727685666293751812
5718,1693,727644511996776449
4366,1181,727524751036526594
3255,720,727314408490168320
2980,793,727286322952441857
3816,1347,727175367849549825
6697,2363,726935081290452993
3734,1476,726887073358159872
3479,976,726828212261629952
4311,1106,726224894078406657
4071,1332,725786708017553410
5079,1724,725729306392027137
3644,1271,724983740980690944
2284,616,724771676257284096
5147,1607,724405714131795968
4221,1726,724049844495605761
2598,542,724046330591645696
4087,1494,724004596214038529
3789,1193,723912928282300416
7481,2843,723688327916998657
2939,863,723673152451149824
5166,1801,723179713569521664
3990,1521,722974578855804928
4850,1589,722613344872505345
4499,1772,721503152168681472
2470,594,721001172476137472
3033,745,720785400575455232
2405,641,720775341267148802
4028,1453,720415104408399872
6197,2427,720389936612913153
2799,946,720340697887457281
3763,1094,720059469649022976
4785,1942,720043168729862144
4708,1687,719991136241082368
4418,1381,719704480703361024
4925,1833,719551372954365953
2727,722,719367753803698176
4323,1195,719339452099911682
3344,918,719332505971724289
3394,1045,718971861124521984
5113,1702,718939234342674432
18374,7776,718631494844080128
2376,467,718613299022180352
2383,986,718540625512165377
2632,511,718459997370335232
4739,1471,718454723171459074
1863,481,718246851380711426
3773,960,718234610254143489
2390,588,717841792524222464
2802,1072,717790026537517056
5618,1790,717537679412486144
3080,814,717421791472431106
6129,1868,717047453128790017
3154,936,717009356240384000
4178,1136,716802957069697028
7980,1529,716791134920552448
2323,203,716439112555823104
2698,1015,716285498407456768
6606,1847,716080861125292034
3117,853,715928416713895936
4542,1640,715733232809955329
3818,1255,715696738036744192
4179,1560,715680780459098112
5322,1514,715360342210166784
2973,669,715342457676890113
2364,629,715220173247131650
5011,1818,715200615434031105
4044,1187,715009744965120000
3634,1006,714982297112612864
4041,1369,714957616947052546
3197,962,714631568564813824
3536,900,714606006421028867
2959,706,714258253283213313
3183,811,714251577813504000
2221,845,714214106660741120
4212,1357,714141403652231168
3208,773,713919455693287424
2768,714,713900595745275905
4739,1331,713761188442677248
4315,1265,713411058820460546
7035,2770,713177538751774721
4342,1436,713175901853319168
11989,4812,712717831029202944
4073,1181,712668618841042948
5184,1520,712438152884043776
3676,1003,712097427059306497
2866,859,712092738334941184
3196,474,712085607170883584
2202,603,712064997715791875
0,123,711998175234510848
7842,2235,711968119305211904
2772,963,711743773672394752
8599,3968,711732672607821824
3758,888,711652646256517120
3548,1100,711363817834295296
3217,716,711306672371847168
2925,594,711008011691683840
4461,1343,710997081670823936
2482,664,710844577050206208
2622,516,710833110598848513
2251,545,710658682619617280
4413,1808,710588915867099136
2102,508,710283263395246080
4418,1212,710272293939879938
2333,1085,710269104096153601
2840,870,710153175412543488
2685,855,710140968360665088
5323,1926,710117006981341184
3414,1058,709918790847492096
646,99,709901249051754496
3424,1169,709852841964396544
3461,1166,709566161864826882
3206,1038,709556945439617027
1460,231,709519225661091845
2162,554,709449595638706176
2547,659,709409441024581632
2364,560,709225114588549120
12182,5604,709207338792525824
2386,623,709198376978522112
1989,405,709158324613324805
4616,1579,709042081084391424
2905,874,708845814165192704
1647,489,708834245947559936
16050,6735,708810903379005440
2691,788,708738135744757760
2468,696,708711077455011842
2483,663,708479597491388418
3027,795,708469903859306500
3497,1279,708356456928649216
2303,719,708349462943498240
4189,1512,708149338376171520
3297,831,708130917802450944
2632,957,708119483462905857
1897,538,708109384879046656
4288,1874,708026062568087553
3059,1097,707995806666768384
2630,933,707969786605670405
3200,928,707776912765132800
2427,593,707741510117101568
3309,963,707693564902428672
2209,674,707420564403658752
2243,581,707411927010582529
3415,1249,707387669630881792
3197,1060,707377090396626948
2416,622,707315908499415040
2713,761,707297296074072065
2538,655,707059520279810048
2137,763,707038182748119040
3981,1314,707020843742838786
2263,583,707014226158751746
1999,568,706901753699155968
3219,949,706681899490680832
2513,1056,706644797256241152
2109,613,706593029277294592
3389,1390,706537990542254082
3046,1007,706516523993731073
3374,905,706346354252095488
20771,7697,706310002273869824
1668,466,706290925690097664
2672,910,706265991110590465
5029,1557,706166462331920384
3031,710,705975037652836353
3109,869,705970342242729984
2311,538,705898672375132160
1888,504,705786528321044482
3100,1120,705591886233235456
2894,887,705475939698868224
4321,1575,705442513113522177
3722,1630,705428418666635264
2931,733,705239205698531328
2536,779,705223427129409536
2093,504,705102425103839232
2141,604,705066010735464451
4178,1092,704871447097905152
2200,523,704859541930962945
4957,1482,704847907636305920
2581,953,704819829430218752
6489,2844,704761116849774592
2847,990,704499780106493952
3314,1041,704480327234953220
7802,3455,704364642517262336
1543,340,704347313985228800
1812,557,704113287844098048
2849,893,704054834471833603
1797,442,703774235978817536
3194,1111,703769060060884992
2512,657,703631691173269505
3741,1488,703611476301516800
3721,1327,703424980705538048
2381,675,703407224702414850
3418,1115,703382800452493312
1868,375,703356390035714048
1935,532,703268508835176448
7215,2995,703079038101929984
2522,702,702932120042397696
3159,1043,702684938378874880
2146,546,702671112556158976
11948,3350,702598091703250944
2813,931,702539494201782274
3205,1016,702321133908054017
2415,753,702276744527618049
4674,1307,702217432463708160
3363,962,701981383707725824
3760,1000,701952810871435266
3459,1351,701889181371465729
2048,440,701601582807445506
2751,907,701570466310397952
2606,594,701545177110937600
2172,553,700890380988981249
2546,608,700864147752402944
2400,490,700847557816295424
2380,916,700796971284635648
22294,9029,700747775256821764
2549,777,700518050383028224
2243,552,700505126490886144
4025,1736,700462006156054530
2570,712,700167508985298945
2192,653,700151417617694720
7350,2633,700143743228207110
2584,672,700062708859666432
2028,571,700029279581708288
3232,1304,700002054861889536
2974,925,699801805379735552
2185,499,699788867692531712
2676,1202,699779623626870785
1919,586,699775876779663360
10054,4480,699691737665642497
5824,2549,699446858545020928
2124,502,699434513307471874
1331,317,699423667558731776
2037,613,699413904074665988
1854,429,699370841985851393
3082,838,699323436762603521
2203,615,699088574608707585
2389,636,699079599976771585
2902,1158,699072391083880449
2551,1173,699036651171897344
3270,949,698989023348576256
2623,889,698953792398692352
2486,606,698907962606292992
2407,662,698710700634591234
1417,366,698703472636641280
1267,334,698635005506015234
2271,609,698549703420612608
1807,434,698355656588447745
2224,937,698341973569245184
4657,1947,698262609242492930
16398,5813,698195403653705729
2752,721,698178914674458625
1490,327,697995509609402369
3211,1261,697990414305984512
2339,657,697943103282393088
2948,1136,697881447554613248
3087,988,697616761932283904
2946,1227,697596416638787586
1999,486,697575475464417280
2364,650,697482920076951552
3348,1369,697463021304750083
4596,1832,697270435977818113
3226,978,697259367968739328
2979,1124,697255089266933760
2461,652,697242246874296320
3095,999,696900198681989122
2295,669,696894886692331521
4739,1753,696886248611381248
2394,693,696877972649807873
1453,355,696754874445230081
2320,631,696713823303135232
2455,993,696488707105386500
3127,1128,696405977432748032
2947,1132,695816820624912384
3092,750,695794756677410817
1813,719,695767665437233153
4468,2038,695629772496465921
4303,1765,695446411954012160
8479,3482,695409457417707521
3548,1411,695314741183516673
2579,595,695095415818096640
2778,1068,695074323816669184
1566,577,695064251149508610
2602,772,695051050697539585
2682,912,694905854068285440
35004,13973,694669716326072320
1473,280,694356670072373248
1987,599,694352832733040641
1954,490,694329663192195076
4076,1987,694206563263848448
2879,904,694183359854018562
3326,997,694001777612435457
1707,357,693942347109928960
2620,568,693647886148567040
2484,402,693642227030085632
2394,773,693629966060228610
1503,363,693622654595571712
4931,1900,693590840128770048
1733,617,693486485266247680
3273,1205,693280713496469504
2159,484,693262842930159616
2808,721,693231800538148864
7718,3131,693155678760931330
1670,594,693108992730632192
1809,446,693095429051932672
2623,733,692919138839326722
2373,847,692905856917180416
1721,587,692901591318294528
2212,776,692894221984903170
2803,862,692828155242004480
6662,3540,692752274041507842
4261,1492,692568911158489088
3088,1324,692535299021340674
1791,403,692530544530296832
9155,3368,692417305561686016
2475,791,692186996341628929
2105,769,692158336909852672
1613,384,692142771344400384
2828,927,692017283690995713
3874,1608,691820329321287680
2779,970,691756951399591936
1911,495,691675641209589761
2333,549,691483034810474496
3960,1111,691459697358934016
2587,829,691444863414439936
2516,639,691321897217191936
2898,860,691096572814176256
1687,325,691090043692322820
3496,1214,690959636103577600
3996,1892,690938889876410368
3205,985,690932565696483328
3697,1227,690735878365315073
2129,505,690728920233218049
2273,802,690690667417354240
1271,266,690649985252220930
1906,585,690597153803149313
1845,437,690400359613865984
3180,823,690374413078958080
2606,859,690360446273110016
1641,405,690248557182488576
2734,997,690021988220456960
2435,714,690015570461376513
3583,1636,690005054112284675
1384,358,689999372554207232
1340,435,689977549053673473
2388,684,689905475991646208
2971,1128,689877678846001154
2120,730,689835959928635392
3152,907,689661959805906944
10137,3744,689659367294136321
2176,625,689623654657826819
11387,5357,689599051189391361
2004,445,689557528733163520
3319,1391,689517477928292354
2205,908,689289176076959744
3184,1066,689283815399927809
1941,688,689280867391254530
1117,238,689275256180183040
3014,970,689154306549792769
1976,492,689143357063475200
2655,838,688916187321864196
2062,742,688908927027810304
2047,760,688898152519323649
2189,667,688894059750883329
1350,360,688828550535901190
946,188,688804831675461632
2172,644,688789753932722176
2542,680,688547202457858048
2271,710,688519168061091840
9072,4355,688385255020036098
2189,808,688211379870806016
2083,572,688179431681036292
2768,754,688116647345848321
1693,351,688064156361072640
2687,1095,687826834726195200
2426,927,687818498882551808
2345,696,687807796000243712
2380,819,687704170560749568
1893,500,687664822905778177
1856,562,687494643500515329
1567,232,687480736518111232
1940,518,687476249128734720
2014,532,687460500490338305
19694,8926,687317297157935104
4265,1848,687312369295486976
5306,2213,687127922726039555
2133,493,687124481781927936
5666,2388,687109919556956160
2298,947,687102703005265921
2187,590,687096050230820864
8445,3103,686947095916363777
3403,1413,686749394683691008
4041,1166,686730987418550272
2765,780,686683039674531840
3618,1324,686618344242442241
1846,529,686606059734216705
3183,860,686386513144377345
2155,552,686377054594441218
2132,648,686358343338844161
2166,708,686050200440451072
3004,1113,686034020262625280
2423,399,686007910048989185
1787,607,686003200739115008
2053,509,685973228901261312
1593,578,685943751555051520
7324,2787,685906717385854977
2307,549,685667374155075584
3158,1415,685663358637486080
2863,753,685641966403645440
32131,15151,685547930707750912
2959,1126,685532287132430340
2586,616,685321578897354753
3217,1012,685315229488680960
2026,427,685307443652472833
3026,1170,685268746391273473
2285,652,685198908713267200
4022,1393,685169266828685312
6656,3040,684959791626727424
3135,1017,684940035184001024
3409,451,684926877937487872
3421,1413,684914653630173184
1822,512,684902175449939968
2037,789,684880611673292800
2675,980,684800218777321474
8699,3413,684594884913836032
2944,1177,684567534276853761
2594,923,684538367950872576
3795,1140,684481069622673408
1927,543,684460065332445184
7928,3176,684241624206045185
1206,201,684225739852492800
3737,1326,684222770729893889
2108,1011,684200328540098561
1860,494,684195074750599168
3412,1134,684188780455170048
1971,646,684177692749639681
1965,460,684122864098885634
4008,1397,684097750632411136
3720,1091,683857914461839360
1892,338,683852572600459264
2553,927,683849926879494144
2559,1087,683834825250320385
2730,1038,683828594020200448
3264,1307,683773435294515200
6308,3209,683742666396426240
3097,939,683498316290637824
2605,972,683481223382052864
2365,655,683462766443802624
3783,1571,683449687257559040
7460,2338,683391846228357120
2830,894,683357941668392967
2800,1012,683142548005777412
3326,886,683111392338034688
2119,639,683098811808518144
1947,547,683078878106005505
2115,724,683030059720916992
35843,16011,682962022129135616
2415,1079,682788433895489537
1489,426,682750531614445569
1287,354,682697175697088514
2987,1044,682662408112975876
2025,578,682638783267889155
3347,1121,682429474584018946
7378,1707,682406696551985154
2179,649,682393897700474880
1620,450,682388986111913984
2978,949,682303730440601600
4031,1161,682259518139555840
3149,1125,682242687110672384
4821,1626,682059648447438848
3115,916,682047323002810373
6427,1942,682031998756470785
3041,1470,682003173041549313
2743,1006,681981160138895360
2411,792,681891446547427328
12498,3948,681694081152516096
1721,429,681679500770414592
2570,897,681654055031189505
1847,450,681610777703387137
3456,1262,681579814340456449
13926,5581,681523166406164481
9062,3968,681339442087497728
2576,718,681320179880443904
3831,1762,681302357297229824
3128,921,681297367627395075
3148,1071,681281653780656128
1424,263,681261544890576896
1447,513,681242414783201280
2348,468,681231097963921409
3602,1431,681193441674551296
2353,636,680970791404605441
4466,1947,680959103779368960
3109,1015,680940240811474944
2039,420,680934975001227264
2348,602,680913431944245248
1714,354,680889641415872512
3370,1282,680836369753739264
2321,799,680801737658265600
2766,1002,680798406277599232
2561,674,680609277350821889
3528,1287,680583886422831105
4128,1850,680497759183597569
1676,470,680494717491085312
2484,726,680473002811744256
1415,486,680440290977693696
1429,285,680221462859542528
2754,1123,680206691359715328
2088,482,680191245453537280
3801,1495,680176161213779968
2264,714,680161093025697792
3508,1690,680145966133981184
2231,908,680130874835337216
2654,874,680115813882408961
3484,1328,679944180743954432
12472,8715,680081458753605632
2515,830,679935050679468032
1934,632,679877054611894272
2388,598,679862116216651776
2775,1188,679854718617817088
2306,734,679844486353059841
3025,1063,679777881363329024
2037,765,679736205899100160
2107,799,679729589501865985
1621,453,679722011451604992
4646,2016,679530275207016450
2564,699,679527796289474560
3265,1224,679511347441328128
3081,1416,679503367408889856
2037,620,679475944860459008
30614,18146,679462815506296832
2705,995,679148757628399616
2897,1113,679132430461239296
5807,2492,679111114081370114
2181,640,679047479124455425
2223,1111,678991763986624512
1589,439,678969221598973953
2498,863,678800275839311872
3357,1115,678798260958441472
2729,872,678774916997582848
3421,1311,678767129399726082
1589,455,678764509826281472
6865,3147,678755229639151616
3628,1596,678740029439614976
2778,1403,678675831426797568
1985,385,678643449407541248
3883,1476,678446146176593921
5305,2443,678424305764589568
4070,1733,678410205395308544
77609,30667,678399528077250560
1548,399,678396790178258944
1809,405,678389021215707136
2359,872,678380231556595712
1679,513,678341071122784256
1262,237,678334491241377793
11069,5856,678278583370911744
1535,352,678255458960859137
13168,6081,678021110609412096
1293,393,677918521637097472
4650,1987,677895096763854848
2947,941,677716509234487297
3273,1393,677700000441360384
1191,308,677698398770888704
2418,811,677687590175252480
3220,1441,677673978874433536
1882,911,677662334756761600
1792,773,677644010865999872
2062,675,677573736200052737
1259,442,677565708809695232
2373,1110,677557553648242688
6705,3529,677547920938373125
1031,220,677530062560841728
1300,274,677334608892030978
1048,227,677331497041461248
3518,1441,677328876637302784
1585,514,677314798338621440
1188,388,677301027595530240
1906,678,677269275850219520
3431,1573,677228864888823810
2634,877,677187290628780032
2664,1022,676975524699336704
2162,778,676957802976419840
1256,379,676949624503013376
2080,826,676948231155277824
1672,352,676946858959327232
1997,716,676942415815712771
12262,4744,676936535535656961
2165,700,676897528592392192
2011,673,676864493910028289
22043,14877,676821953035005952
1748,636,676819644326506496
1372,409,676811739476967424
4811,1940,676776408941662209
2766,914,676617499136409600
1038,193,676613902327762944
1827,414,676606781406212100
1117,366,676603389325672448
2219,747,676588338652930048
1147,262,676582950259965952
2474,1067,676575493756334080
1803,525,676533777246515201
1465,510,676496369692078080
11160,4470,676470631479812096
1652,631,676439996623097856
1342,324,676430925232627713
2000,515,676263568602324992
1158,271,676237351492960256
73493,29650,676219682148499456
1664,551,676215924094029825
2184,988,676191822486577152
1844,633,676146336014667776
2716,1118,676101885682655232
2874,1349,676098701056577536
1253,418,676089477950021632
1545,541,675898073508421632
2036,816,675891545124421633
2278,910,675888381008683009
4000,1340,675878195854483457
1558,540,675870715636224001
2578,1223,675853058589396992
2164,835,675845652761468928
1455,512,675822760556412928
998,225,675820925212823552
9818,3269,675798434532581376
1551,446,675781559312506880
1119,327,675740268751138818
1801,774,675710882740092928
1886,649,675707321759039488
617,90,675706586661195778
1761,390,675534486789103617
1129,363,675531466269286400
990,274,675522395390795777
1232,443,675517812106919936
2998,1226,675497072129249285
1236,564,675489960972165120
1764,928,675483424052801536
1450,544,675432740347617280
1608,493,675372232026292224
1008,219,675362604022386688
3741,2162,675349367813877760
2636,1219,675334050127544320
3392,1501,675166815044173826
5944,2434,675153368143237120
3565,1603,675149402210701313
898,219,675147100796121089
1120,279,675146530370822144
2034,844,675145464153550848
1241,450,675135144945131520
1855,742,675113795468066816
913,239,675111682683875329
2669,1068,675109283521036288
1009,304,675047295654756356
2570,1119,675015108200919041
929,210,675006303748665346
1488,436,675003114139852800
2130,1046,674999800484368385
820,338,674805331965399040
2871,806,674800515520331776
2382,1031,674793390643482624
1047,237,674790484284436480
773,199,674788547291914240
1913,1132,674781757573591040
1056,447,674774472939970560
1728,735,674767886842511361
754,224,674764810110820352
1300,415,674754014320402432
1389,438,674752226452094976
1323,519,674743003064438784
1044,366,674739948218671104
613,82,674737125598752768
1091,447,674690120767918080
1533,610,674670575701348352
869,232,674664748949090304
1364,460,674646386542043136
987,258,674644247564394496
1602,554,674638611350859777
1429,544,674632705875705856
5933,1914,674468873001938944
1011,341,674447395825049600
1057,368,674436896903315456
1359,510,674422297940357120
657,130,674416741997535237
1141,435,674410613875937281
1443,540,674394776565891077
810,300,674372059363983360
1338,487,674318003345997825
1481,690,674271425029652480
868,217,674269159417585664
1549,794,674265568518778880
1247,427,674262576474234881
1390,514,674255163272642560
724,157,674082847171457024
941,267,674075280806420480
6052,2059,674063277207457792
3126,1214,674053181157064704
1379,463,674051551040770048
1333,602,674045131608236033
686,119,674042547585605633
1053,397,674038229604044801
812,193,674036081864609793
1680,1148,674024888533966848
1070,286,674019340715446272
1478,602,674014376857174021
1133,335,674008948689657856
1852,901,673956906873036801
1112,350,673919430984908800
3011,1542,673906390507868160
890,240,673887841718394880
3352,1935,673715845458173952
988,283,673711450012180480
796,252,673709986195890176
1018,269,673708601312178176
1042,368,673707042180341760
1195,387,673705663651016704
1355,534,673700228504137728
3749,1841,673697971540762624
1649,607,673689698171228160
1192,464,673688739344949248
1359,405,673686768529645568
1298,434,673680162584698880
1188,345,673662511204319236
686,221,673656255106441220
1043,338,673636700506181632
1514,675,673612849076310016
1131,338,673583110961934336
784,257,673580917777178625
1310,528,673576829651841024
974,285,673363609787985921
1368,629,673359812403531776
1420,536,673355872538599424
1580,508,673352119580237824
715,195,673350191790034944
2370,1181,673345633844072448
917,252,673343210815545344
1204,538,673342302996340736
833,237,673317979384254464
7102,2959,673295238912417794
1017,343,673270959684591616
1355,668,673240782124548096
2109,787,673213032630128640
1605,587,673148794221932544
1866,668,672997838817796096
897,271,672995232229781504
927,270,672988581774942208
1198,513,672984067529310208
1721,948,672980779580829696
1581,847,672975080402628609
897,336,672970146609164289
1259,504,672968020474638337
1348,607,672964555207757826
1288,462,672902676334706688
854,396,672898203147247616
1453,790,672884420823527424
976,328,672877613036273665
1242,535,672834296361582592
1183,458,672828474801942529
924,296,672640493281411072
1219,453,672622321664811010
1157,543,672614739944595456
1046,364,672609147054067713
1044,375,672604021119655936
1258,574,672594973443928066
902,313,672591753367715843
677,176,672591264425070592
966,341,672538101307318273
588,157,672523487219728384
1047,405,672488519928037376
1063,560,672482714948395009
683,122,672481314411569153
1368,654,672475077217288193
1284,496,672466070121390080
6067,3139,672272396733300737
1405,576,672267563901014016
1069,314,672264243945844736
2672,1436,672256514942439426
1355,696,672254170599157760
1638,564,672248008571006977
646,144,672245248555409408
851,303,672239273467359232
1717,945,672231040996515840
747,198,672222787172442114
2130,1077,672205386439524352
967,344,672169665750155265
834,335,672160035556823040
1645,649,672139344921149441
2259,1073,672125270745333761
937,342,672095178996523008
894,344,672082162695471104
1219,475,672068080575483905
1241,534,671891721769385984
3277,1299,671882074857558016
1338,619,671879130959486977
1186,517,671874870762934272
1060,459,671866334851014656
848,407,671855970818121728
6669,3228,671789647081644032
1127,461,671768277677441024
1580,843,671763342642569216
1280,713,671744965807087616
712,223,671743143755259904
1364,701,671735585762054145
8014,4061,671729900588417024
12051,6761,671561000215298048
1271,548,671547764132704256
1852,978,671544869609857024
1031,528,671542980751310848
878,358,671538298070937601
1106,376,671536536102551553
964,541,671533937597022209
792,239,671528756297736192
1313,494,671520730169872384
890,275,671518582749028352
1497,656,671511342621319168
6590,3327,671504601988898816
868,420,671497582414307329
944,449,671488510226997248
547,183,671486378568364032
716,220,671485051893383168
1354,694,671390174987751424
1045,277,671362591072124929
376,146,671357838413996033
456,112,671355851936940033
898,394,671347593046306816
691,193,671186159360315393
1049,314,671182540435300353
825,321,671166423830388736
1549,1024,671163258263482369
342,74,671159722603626496
664,205,671154565501296640
627,140,671151316803170304
624,201,671147082493919232
1087,613,671141542443241472
871,374,671138692078174208
700,176,671134054696296448
3283,2340,671122197432418304
1292,724,671115703798267904
1078,406,671109008019742721
1039,270,670995956771483648
23292,8106,670842759008411648
547,181,670840540850749440
1048,645,670838194066300928
410,113,670833807587680256
688,200,670832450482769920
5195,3790,670826275943133184
729,173,670823755950768128
573,89,670822703281086466
2988,1436,670815487044018177
1064,252,670811956362612740
1100,456,670807623365763074
1841,893,670804590565150720
320,83,670803557449408512
694,218,670797295626027008
779,257,670792674568482817
623,223,670789388759113729
563,187,670786183778160640
782,356,670783426409201664
1453,717,670782421437169664
750,269,670780550844694528
316,69,670778054197706752
1024,392,670764092043436032
414,98,670755701111697408
906,475,670733403982053376
787,333,670727697677606912
1119,446,670717326967205888
730,345,670704684945031168
555,225,670691622141583360
708,262,670679606182055936
231,38,670676086536171520
10071,4657,670668378638561280
1419,687,670474230501363712
338,82,670468602584256512
919,507,670465782590083072
518,189,670452848174436352
1142,604,670449329098895360
609,186,670442333423452160
999,480,670435812165701632
1336,600,670434123207598082
312,103,670433242026217473
1311,575,670428264129761281
492,148,670426997538078720
1233,594,670421917862649857
582,292,670420563815436288
539,302,670417404275609601
1901,827,670411364918288384
524,204,670408991625773056
406,142,670403873723555840
532,191,670385704808108032
705,250,670374366199349253
310,60,670361863419506690
404,101,670338915237167104
409,123,670303349632204800
657,266,670290335751237632
969,308,670093932257259521
655,232,670086495571738624
2089,1141,670079676572950530
1473,735,670073493971738624
586,222,670069080024588288
713,309,670061499868684291
627,302,670055031027159040
612,160,670046943482159109
710,104,670040288568610816
561,256,670037180094488576
315,84,670003125244321792
305,76,669993066573393920
415,145,669972004481536000
285,51,669970030231232512
475,148,669942745918648320
357,89,669926380793131010
222,53,669923316447113216
755,370,669753167702200320
244,61,669749424290164736
359,102,669683887996555264
332,125,669682090091216896
629,266,669680140776046593
764,400,669661788376580096
3318,1687,669625903928897537
899,337,669603078258221056
484,141,669597904508620800
1399,862,669583735898185728
410,129,669573559438712832
1490,947,669571453801508864
220,48,669567582983331840
369,112,669564454636421120
337,69,669393246552920064
1246,677,669375711120093184
462,166,669371476823306240
432,140,669367892388003840
587,213,669363803461693440
348,113,669359659808129025
2538,1191,669354376083996672
590,241,669353426984296449
406,169,669351427895111680
956,387,669328496653635584
538,113,669327198734655488
464,195,669324644248219648
1120,377,669216674986479616
411,149,669214160572411904
946,435,669203717908926469
616,288,669037052726505472
697,346,669015737663684612
546,227,669006778303127553
19692,5933,669000387991502850
415,209,668994907227430913
703,316,668992356952199169
630,309,668989611830435842
847,430,668988176392986624
517,151,668986015319760896
507,280,668981889504514048
750,326,668979801907175424
1231,543,668975674691067905
661,227,668960082093297664
259,65,668955705479593984
244,53,668932892672851968
299,92,668902988186910720
376,137,668892467224252416
497,280,668872643173613568
423,149,668852165096677376
406,124,668826075678572544
521,242,668815173491302400
672,343,668779392961761281
492,203,668655136865181697
817,490,668645502213357568
817,483,668643538813472768
1002,501,668641105580281856
972,460,668636660645675008
2632,1483,668633404238229504
664,296,668631373981331456
296,103,668627275181633536
359,120,668625572470366208
1334,698,668623188582989824
185,36,668620231833702400
580,299,668614813715664896
225,49,668567813263630345
481,211,668544740393136128
427,196,668542328894803968
239,67,668537830625423360
438,204,668528764805074944
306,97,668507502464626688
381,121,668496995305287680
398,219,668484190623674369
429,134,668480037449003009
839,474,668466896245792768
592,273,668297325815717888
229,29,668291994352017409
474,127,668286272272769024
771,219,668274241842860032
518,215,668268894449078272
1213,554,668256315861504000
896,441,668248467379257344
5815,2634,668237637640183808
275,94,668226088657682437
486,182,668221234145046534
526,183,668204958722990080
609,187,668190675914129409
455,175,668171855484870656
467,289,668154632372383744
543,260,668142344458383360
630,218,668113012746776577
1168,739,667937091314171904
276,100,667924892227104768
197,51,667915448932003840
463,275,667911422597287936
804,355,667902444320530432
1750,996,667886917715943426
774,433,667885029767446528
373,110,667878737548046337
589,377,667873836067659776
2856,961,667866720170852352
231,74,667861335531630593
276,57,667832472072282112
990,452,667806449473486848
308,87,667801007443677184
657,308,667793397835542529
390,230,667782457777754112
217,48,667773194548350976
411,201,667766675161219072
356,143,667728195987177472
447,295,667724301886480384
0,31,667548685090197504
0,28,667548406944960512
5412,2089,667549055111835649
318,115,667546741093330944
808,491,667544320090710016
193,60,667538890660700160
767,489,667534814648496128
437,220,667530907624968192
1597,1044,667524856297218048
345,179,667517641523761152
509,207,667502639517556736
492,246,667495796489633792
489,208,667491008582541313
236,89,667470558578216961
180,56,667455447520047104
296,81,667453022738366464
732,537,667443422270251008
423,218,667437270979485701
287,79,667435686304342017
434,207,667405337926832129
180,51,667393429954043904
342,151,667369220322136065
452,223,667211850623393792
575,240,667200512471801856
357,90,667192061259620352
697,367,667188686895861760
13367,5688,667182789016596480
179,50,667177985389236225
571,420,667176160305000449
232,72,667174956317454336
206,77,667171256467398656
2517,1041,667165584396824576
240,56,667160269211230208
44654,15621,667152157783670784
4284,2015,667138263048585216
311,121,667119782572007424
313,115,667090887587966977
374,109,667073641872494593
159,41,667065529543368704
205,47,667062172346744832
175,44,667044086843637761
420,203,667012596533358592
226,81,666996118815817730
2379,904,666983940700430342
755,509,666837024717058048
196,74,666835004639617025
237,83,666826775146565632
477,232,666817830839521280
218,84,666804340162732032
704,442,666786064321900544
358,175,666781788895911936
323,156,666776898802835456
219,60,666739322658398210
400,198,666701161143992320
172,44,666691411966824448
1040,569,666649475398680576
218,73,666644794307837952
476,197,666454708777799680
95,18,666447341910671361
114,42,666437269411209216
152,45,666435649399033857
292,173,666430720227860480
150,73,666428270859042817
294,102,666421153020444674
112,41,666418781095260160
400,288,666411498068123649
99,31,666407121513275392
155,73,666396240351993856
171,78,666373746337402880
703,503,666362717482020864
193,64,666353280906170368
270,128,666345414279471104
180,82,666337857791987715
454,312,666293909010702337
133,58,666287399580733440
158,70,666273081518768128
95,32,666268904428277760
13339,5837,666104129232740352
70,11,666102150364286977
141,58,666099505364733952
153,66,666093996847063040
100,41,666082912819875840
287,141,666073098362486784
134,52,666071190449033216
438,192,666063820255862784
103,52,666058597072306176
261,121,666057085227016192
405,216,666055517517848576
1103,754,666051848592334848
123,51,666050754986266625
96,40,666049244999131136
266,126,666044217047650304
110,39,666033409081393153
120,41,666029276303482880
2362,452,666020881337073664
